{
  "version": 1,
  "author": "Uri Shaked",
  "editor": "wokwi",
  "parts": [
    { "type": "wokwi-arduino-uno", "id": "uno", "top": 87, "left": -0.6, "attrs": {} },
    {
      "type": "wokwi-lcd2004",
      "id": "lcd1",
      "top": -108.8,
      "left": 5.6,
      "attrs": { "pins": "i2c" }
    }
  ],
  "connections": [
    [ "lcd1:GND", "uno:GND.1", "black", [ "h-19.2", "v182.4" ] ],
    [ "lcd1:VCC", "uno:5V", "red", [ "h-96", "v307.3", "h48" ] ],
    [ "lcd1:SDA", "uno:A4.2", "white", [ "h-38.4", "v221", "h153.6", "v9.6" ] ],
    [ "lcd1:SCL", "uno:A5.2", "violet", [ "h-67.2", "v153.9" ] ]
  ],
  "dependencies": {}
}